Workbook

Sheet Read me
A1: PhishGuard - emails and links to test
A3: What is in this file
A4: - 'Emails': 20 emails (10 phishing, 10 safe; English and Arabic). - 'Links': 20 links (10 phishing, 10 legitimate).
A5: - The 'True label' column is what the message or link REALLY is. The app does not know it; we use it to check the app.
A7: How to test (about 15 minutes)
A8: 1. Run the app: streamlit run app.py (browser opens at localhost:8501).
A9: 2. Copy the email text (or the link) from this file and paste it in the 'Email Check' (or 'URL Check') box. Click Analyze.
A10: 3. Look at the result: the colored badge shows the risk level (Low / Medium / High) and the gauge shows the score.
A11: 4. Write them in the yellow columns: 'Risk level shown' (drop-down) and 'Score shown'.
A12: 5. The file fills the rest by itself: 'App decision' (Low = safe, Medium or High = phishing) and 'Correct?' (compared with the true label).
A13: 6. Open the 'Summary' sheet for accuracy, how many phishing were caught, and false alarms. Fill your name and date there.
A15: Notes
... A18: - If the app is wrong on a case, keep it: write why in 'Notes'. Honest results (and an explanation of the errors) are better than a perfect-looking table.

Sheet Emails
A1: ID | B1: Language | C1: Email text (copy this) | D1: True label | E1: Risk level shown (you fill) | F1: Score shown (you fill) | G1: App decision | H1: Correct? | I1: Notes
A2: E01 | B2: English | C2: Your parcel could not be delivered. Pay a small customs fee of 12 SAR within 24 hours to release it: http://track-delivery-fee.top/pay | D2: Phishing | G2: =IF(E2="","",IF(E2="Low","Safe","Phishing")) | H2: =IF(G2="","",IF(G2=D2,"Correct","Wrong"))
A3: E02 | B3: English | C3: Dear customer, we detected unusual activity on your bank account. Confirm your identity immediately by entering your card number and PIN at http://secure-bank-verify.xyz/login or your account will be locked. | D3: Phishing | G3: =IF(E3="","",IF(E3="Low","Safe","Phishing")) | H3: =IF(G3="","",IF(G3=D3,"Correct","Wrong"))
A4: E03 | B4: English | C4: Congratulations! You have been selected to receive a $500 gift card. Click here to claim your prize now: http://claim-your-gift.top | D4: Phishing | G4: =IF(E4="","",IF(E4="Low","Safe","Phishing")) | H4: =IF(G4="","",IF(G4=D4,"Correct","Wrong"))
A5: E04 | B5: English | C5: Your mailbox is almost full and will stop receiving messages today. Verify your password now to keep your account: http://mail-upgrade-portal.xyz/login | D5: Phishing | G5: =IF(E5="","",IF(E5="Low","Safe","Phishing")) | H5: =IF(G5="","",IF(G5=D5,"Correct","Wrong"))
A6: E05 | B6: English | C6: Hi, are you available? I need you to buy 5 gift cards for a client urgently and send me the codes. I am in a meeting and cannot talk. Do not tell anyone. | D6: Phishing | G6: =IF(E6="","",IF(E6="Low","Safe","Phishing")) | H6: =IF(G6="","",IF(G6=D6,"Correct","Wrong"))
A7: E06 | B7: English | C7: Please find the invoice below. Your payment is overdue and legal action will start unless you pay within 48 hours. View your invoice here: http://invoice-view.top/download | D7: Phishing | G7: =IF(E7="","",IF(E7="Low","Safe","Phishing")) | H7: =IF(G7="","",IF(G7=D7,"Correct","Wrong"))
A8: E07 | B8: Arabic | C8: عزيزي المستخدم، تم إيقاف حسابك في أبشر. لإعادة تفعيله أرسل رمز التحقق وكلمة المرور فوراً عبر الرابط: http://absher-verify.top/login | D8: Phishing | G8: =IF(E8="","",IF(E8="Low","Safe","Phishing")) | H8: =IF(G8="","",IF(G8=D8,"Correct","Wrong"))
A9: E08 | B9: Arabic | C9: عاجل: تم تعليق خدمة جوالك. حدّث بياناتك وبيانات بطاقتك خلال 24 ساعة عبر الرابط http://stc-update.xyz لتجنب الإغلاق. | D9: Phishing | G9: =IF(E9="","",IF(E9="Low","Safe","Phishing")) | H9: =IF(G9="","",IF(G9=D9,"Correct","Wrong"))
A10: E09 | B10: Arabic | C10: مبروك! ربحت جائزة بقيمة 10000 ريال. اضغط على الرابط لاستلام جائزتك الآن http://win-prize.top | D10: Phishing | G10: =IF(E10="","",IF(E10="Low","Safe","Phishing")) | H10: =IF(G10="","",IF(G10=D10,"Correct","Wrong"))
A11: E10 | B11: English | C11: Your Apple ID has been locked for security reasons. Verify your account now to unlock it: http://apple-id-unlock.xyz | D11: Phishing | G11: =IF(E11="","",IF(E11="Low","Safe","Phishing")) | H11: =IF(G11="","",IF(G11=D11,"Correct","Wrong"))
A12: E11 | B12: English | C12: Hi all, the weekly meeting is moved to Tuesday at 10 AM in room B12. Please bring your progress reports. Thanks, Maha | D12: Safe | G12: =IF(E12="","",IF(E12="Low","Safe","Phishing")) | H12: =IF(G12="","",IF(G12=D12,"Correct","Wrong"))
A13: E12 | B13: English | C13: Dear students, the deadline for Assignment 2 has been extended to Sunday. You can submit it on the course page as usual. Best regards, Dr. Noura | D13: Safe | G13: =IF(E13="","",IF(E13="Low","Safe","Phishing")) | H13: =IF(G13="","",IF(G13=D13,"Correct","Wrong"))
... A21: E20 | B21: English | C21: Attached is the project report for review. Please send me your comments by Friday. Thank you. | D21: Safe | G21: =IF(E21="","",IF(E21="Low","Safe","Phishing")) | H21: =IF(G21="","",IF(G21=D21,"Correct","Wrong"))

Sheet Links
A1: ID | B1: True label | C1: Link (type this) | D1: Why | E1: Risk level shown (you fill) | F1: Score shown (you fill) | G1: App decision | H1: Correct? | I1: Notes
A2: U01 | B2: Phishing | C2: http://192.168.45.7/secure/login.php?verify=account | D2: IP address instead of a name | G2: =IF(E2="","",IF(E2="Low","Legitimate","Phishing")) | H2: =IF(G2="","",IF(G2=B2,"Correct","Wrong"))
A3: U02 | B3: Phishing | C3: http://paypa1-secure-login.xyz/verify | D3: Look-alike of PayPal + odd ending | G3: =IF(E3="","",IF(E3="Low","Legitimate","Phishing")) | H3: =IF(G3="","",IF(G3=B3,"Correct","Wrong"))
A4: U03 | B4: Phishing | C4: http://paypal.com.secure-login.xyz/ | D4: Brand name in the subdomain, real domain is secure-login.xyz | G4: =IF(E4="","",IF(E4="Low","Legitimate","Phishing")) | H4: =IF(G4="","",IF(G4=B4,"Correct","Wrong"))
A5: U04 | B5: Phishing | C5: https://paypal-login.com/signin | D5: Brand name inside a different domain | G5: =IF(E5="","",IF(E5="Low","Legitimate","Phishing")) | H5: =IF(G5="","",IF(G5=B5,"Correct","Wrong"))
A6: U05 | B6: Phishing | C6: http://google.com@evil-site.top/login | D6: '@' trick: the real site is after the @ | G6: =IF(E6="","",IF(E6="Low","Legitimate","Phishing")) | H6: =IF(G6="","",IF(G6=B6,"Correct","Wrong"))
A7: U06 | B7: Phishing | C7: http://xn--pypal-4ve.com | D7: Punycode (look-alike letters) | G7: =IF(E7="","",IF(E7="Low","Legitimate","Phishing")) | H7: =IF(G7="","",IF(G7=B7,"Correct","Wrong"))
A8: U07 | B8: Phishing | C8: http://absher-sa-verify.top/login | D8: Saudi service name + odd ending | G8: =IF(E8="","",IF(E8="Low","Legitimate","Phishing")) | H8: =IF(G8="","",IF(G8=B8,"Correct","Wrong"))
A9: U08 | B9: Phishing | C9: http://secure-update-your-account.com/bank/login.php?id=8841&session=abc123 | D9: Suspicious words, long link | G9: =IF(E9="","",IF(E9="Low","Legitimate","Phishing")) | H9: =IF(G9="","",IF(G9=B9,"Correct","Wrong"))
A10: U09 | B10: Phishing | C10: http://apple-id-support.verify-account.xyz/unlock | D10: Brand in the subdomain + odd ending | G10: =IF(E10="","",IF(E10="Low","Legitimate","Phishing")) | H10: =IF(G10="","",IF(G10=B10,"Correct","Wrong"))
A11: U10 | B11: Phishing | C11: http://stc-pay-update.top/card | D11: Saudi brand + payment + odd ending | G11: =IF(E11="","",IF(E11="Low","Legitimate","Phishing")) | H11: =IF(G11="","",IF(G11=B11,"Correct","Wrong"))
A12: U11 | B12: Legitimate | C12: https://www.google.com | D12: Official Google site | G12: =IF(E12="","",IF(E12="Low","Legitimate","Phishing")) | H12: =IF(G12="","",IF(G12=B12,"Correct","Wrong"))
A13: U12 | B13: Legitimate | C13: https://www.apple.com | D13: Official Apple site | G13: =IF(E13="","",IF(E13="Low","Legitimate","Phishing")) | H13: =IF(G13="","",IF(G13=B13,"Correct","Wrong"))
... A21: U20 | B21: Legitimate | C21: https://www.bbc.com/news | D21: News site with a path | G21: =IF(E21="","",IF(E21="Low","Legitimate","Phishing")) | H21: =IF(G21="","",IF(G21=B21,"Correct","Wrong"))

Sheet Summary
A1: PhishGuard - test summary
A3: Test run info (fill in)
A4: Tester
A5: Date
A6: Environment (Python / OS)
A7: App version / zip name
A9: Results
B10: Correct | C10: Wrong | D10: Tested | E10: Accuracy
A11: Emails | B11: =COUNTIF(Emails!H2:H21,"Correct") -> 0 | C11: =COUNTIF(Emails!H2:H21,"Wrong") -> 0 | D11: =B11+C11 -> 0 | E11: =IF(D11=0,"-",B11/D11) -> -
A12: Links | B12: =COUNTIF(Links!H2:H21,"Correct") -> 0 | C12: =COUNTIF(Links!H2:H21,"Wrong") -> 0 | D12: =B12+C12 -> 0 | E12: =IF(D12=0,"-",B12/D12) -> -
A13: Total | B13: =B11+B12 -> 0 | C13: =C11+C12 -> 0 | D13: =B13+C13 -> 0 | E13: =IF(D13=0,"-",B13/D13) -> -
A15: Detection
A16: Phishing emails caught | B16: =IF(COUNTIFS(Emails!D2:D21,"Phishing",Emails!H2:H21,"Correct")+COUNTIFS(Emails!D2:D21,"Phishing",Emails!H2:H21,"Wrong")=0,"-",COUNTIFS(Emails!D2:D21,"Phishing",Emails!H2:H21,"Correct")/(COUNTIFS(Emails!D2:D21,"Phishing",Emails!H2:H21,"Correct")+COUNTIFS(Emails!D2:D21,"Phishing",Emails!H2:H21,"Wrong"))) -> -
A17: Safe emails wrongly flagged (false alarms) | B17: =COUNTIFS(Emails!D2:D21,"Safe",Emails!H2:H21,"Wrong") -> 0
A18: Phishing links caught | B18: =IF(COUNTIFS(Links!B2:B21,"Phishing",Links!H2:H21,"Correct")+COUNTIFS(Links!B2:B21,"Phishing",Links!H2:H21,"Wrong")=0,"-",COUNTIFS(Links!B2:B21,"Phishing",Links!H2:H21,"Correct")/(COUNTIFS(Links!B2:B21,"Phishing",Links!H2:H21,"Correct")+COUNTIFS(Links!B2:B21,"Phishing",Links!H2:H21,"Wrong"))) -> -
A19: Legitimate links wrongly flagged (false alarms) | B19: =COUNTIFS(Links!B2:B21,"Legitimate",Links!H2:H21,"Wrong") -> 0
A21: Decision rule: Low = safe / legitimate; Medium or High = phishing.
